{
  "manifest": {
    "apis": {
      "custom": {
        "endpoint": {
          "uri": "arn:aws:lambda:eu-west-1:934760434538:function:67285e79-6769-49c0-a27d-3f0dbd45269a:Release_0"
        },
        "interfaces": [],
        "regions": {
          "NA": {
            "endpoint": {
              "uri": "arn:aws:lambda:us-east-1:934760434538:function:67285e79-6769-49c0-a27d-3f0dbd45269a:Release_0"
            }
          },
          "EU": {
            "endpoint": {
              "uri": "arn:aws:lambda:eu-west-1:934760434538:function:67285e79-6769-49c0-a27d-3f0dbd45269a:Release_0"
            }
          },
          "FE": {
            "endpoint": {
              "uri": "arn:aws:lambda:us-west-2:934760434538:function:67285e79-6769-49c0-a27d-3f0dbd45269a:Release_0"
            }
          }
        }
      }
    },
    "manifestVersion": "1.0",
    "permissions": [
      {
        "name": "alexa::profile:given_name:read"
      },
      {
        "name": "alexa::alerts:reminders:skill:readwrite"
      }
    ],
    "privacyAndCompliance": {
      "locales": {
        "es-ES": {}
      }
    },
    "publishingInformation": {
      "automaticDistribution": {
        "isActive": false
      },
      "category": "KNOWLEDGE_AND_TRIVIA",
      "distributionCountries": [],
      "isAvailableWorldwide": true,
      "locales": {
        "es-ES": {
          "description": "Recuerda el cumpleaños del usuario.",
          "examplePhrases": [
            "Alexa abre feliz cumpleaños Ferlei",
            "mi cumple es el 1 de enero de 2000",
            "ayuda"
          ],
          "keywords": [],
          "name": "Feliz cumpleaños Ferlei",
          "summary": "Recuerda los cumpleaños"
        }
      },
      "testingInstructions": "Sample Testing Instructions."
    }
  }
}